,data,preco_lucro,preco_vpa,preco_receita_liquida,preco_fco,preco_fcf,preco_ativo_total,preco_ebit,preco_capital_giro,preco_ncav,ev_ebit,ev_ebitda,ev_receita_liquida,ev_fco,ev_fcf,ev_atito_total,market_cap_empresa,enterprise_value,dividend_yield,tic
0,30/09/2024,,,,,,,,,,,,,,,,199180.0,182770.0,,ABEV3
1,30/06/2024,,,,,,,,,,,,,,,,184990.0,174300.0,,ABEV3
2,31/03/2024,,,,,,,,,,,,,,,,191770.0,182740.0,,ABEV3
3,31/12/2023,,,,,,,,,,,,,,,,198180.0,185630.0,,ABEV3
4,30/09/2023,,,,,,,,,,,,,,,,202590.0,188900.0,,ABEV3
5,30/06/2023,,,,,,,,,,,,,,,,230480.0,222350.0,,ABEV3
6,31/03/2023,,,,,,,,,,,,,,,,230480.0,222050.0,,ABEV3
7,31/12/2022,,,,,,,,,,,,,,,,206800.0,195640.0,,ABEV3
8,30/09/2022,,,,,,,,,,,,,,,,245070.0,230340.0,,ABEV3
9,30/06/2022,,,,,,,,,,,,,,,,237830.0,226900.0,,ABEV3
10,31/03/2022,,,,,,,,,,,,,,,,216250.0,206350.0,,ABEV3
11,31/12/2021,,,,,,,,,,,,,,,,233650.0,220120.0,,ABEV3
12,30/09/2021,,,,,,,,,,,,,,,,262880.0,247950.0,,ABEV3
13,30/06/2021,,,,,,,,,,,,,,,,269650.0,259370.0,,ABEV3
14,31/03/2021,,,,,,,,,,,,,,,,254660.0,242400.0,,ABEV3
15,31/12/2020,,,,,,,,,,,,,,,,222970.0,210670.0,,ABEV3
16,30/09/2020,,,,,,,,,,,,,,,,202830.0,188020.0,,ABEV3
17,30/06/2020,,,,,,,,,,,,,,,,228950.0,218290.0,,ABEV3
18,31/03/2020,,,,,,,,,,,,,,,,181580.0,171850.0,,ABEV3
19,31/12/2019,,,,,,,,,,,,,,,,228140.0,219300.0,,ABEV3
20,30/09/2019,,,,,,,,,,,,,,,,276910.0,265980.0,,ABEV3
21,30/06/2019,,,,,,,,,,,,,,,,306530.0,297190.0,,ABEV3
22,31/03/2019,,,,,,,,,,,,,,,,277580.0,269840.0,,ABEV3
23,31/12/2018,,,,,,,,,,,,,,,,270890.0,261850.00000000003,,ABEV3
24,30/09/2018,,,,,,,,,,,,,,,,235830.0,228590.0,,ABEV3
25,30/06/2018,,,,,,,,,,,,,,,,312710.0,306950.0,,ABEV3
26,31/03/2018,,,,,,,,,,,,,,,,344470.0,340990.0,,ABEV3
27,31/12/2017,,,,,,,,,,,,,,,,351130.0,343330.0,,ABEV3
28,30/09/2017,,,,,,,,,,,,,,,,330700.0,325690.0,,ABEV3
29,30/06/2017,,,,,,,,,,,,,,,,300360.0,296520.0,,ABEV3
30,31/03/2017,,,,,,,,,,,,,,,,299110.0,297010.0,,ABEV3
31,31/12/2016,,,,,,,,,,,,,,,,270500.0,268020.0,,ABEV3
32,30/09/2016,,,,,,,,,,,,,,,,300210.0,297130.0,,ABEV3
33,30/06/2016,,,,,,,,,,,,,,,,295490.0,293390.0,,ABEV3
34,31/03/2016,,,,,,,,,,,,,,,,308070.0,306020.0,,ABEV3
35,31/12/2015,,,,,,,,,,,,,,,,278360.0,268340.0,,ABEV3
36,30/09/2015,,,,,,,,,,,,,,,,300050.0,293350.0,,ABEV3
37,30/06/2015,,,,,,,,,,,,,,,,297220.0,292990.0,,ABEV3
38,31/03/2015,,,,,,,,,,,,,,,,309640.0,305350.0,,ABEV3
39,31/12/2014,,,,,,,,,,,,,,,,287540.0,280440.0,,ABEV3
40,30/09/2014,,,,,,,,,,,,,,,,257470.00000000003,254240.0,,ABEV3
41,30/06/2014,,,,,,,,,,,,,,,,245560.0,241950.0,,ABEV3
42,31/03/2014,,,,,,,,,,,,,,,,255360.0,250820.0,,ABEV3
43,31/12/2013,,,,,,,,,,,,,,,,262510.0,254120.0,,ABEV3
44,30/09/2013,,,,,,,,,,,,,,,,168670.0,166830.0,,ABEV3
45,30/06/2013,,,,,,,,,,,,,,,,168670.0,167200.0,,ABEV3
46,31/03/2013,,,,,,,,,,,,,,,,4330.0,4260.0,,ABEV3
47,31/12/2012,,,,,,,,,,,,,,,,4330.0,4290.0,,ABEV3
0,30/09/2024,,,,,,,,,,,,,,,,6740.0,36030.0,,AZUL4
1,30/06/2024,,,,,,,,,,,,,,,,8850.0,37920.0,,AZUL4
2,31/03/2024,,,,,,,,,,,,,,,,14140.0,40380.0,,AZUL4
3,31/12/2023,,,,,,,,,,,,,,,,,,,AZUL4
4,30/09/2023,,,,,,,,,,,,,,,,21310.0,46490.0,,AZUL4
5,30/06/2023,,,,,,,,,,,,,,,,23040.0,44650.0,,AZUL4
6,31/03/2023,,,,,,,,,,,,,,,,16140.0,38810.0,,AZUL4
7,31/12/2022,,,,,,,,,,,,,,,,12630.0,35180.0,,AZUL4
8,30/09/2022,,,,,,,,,,,,,,,,15790.0,38570.0,,AZUL4
9,30/06/2022,,,,,,,,,,,,,,,,18850.0,40000.0,,AZUL4
10,31/03/2022,,,,,,,,,,,,,,,,23610.0,43470.0,,AZUL4
11,31/12/2021,,,,,,,,,,,,,,,,32900.0,54740.0,,AZUL4
12,30/09/2021,,,,,,,,,,,,,,,,36670.0,43430.0,,AZUL4
13,30/06/2021,,,,,,,,,,,,,,,,46950.0,52510.0,,AZUL4
14,31/03/2021,,,,,,,,,,,,,,,,47290.0,52800.0,,AZUL4
15,31/12/2020,,,,,,,,,,,,,,,,48530.0,52830.0,,AZUL4
16,30/09/2020,,,,,,,,,,,,,,,,40470.0,57340.0,,AZUL4
17,30/06/2020,,,,,,,,,,,,,,,,27700.0,45370.0,,AZUL4
18,31/03/2020,,,,,,,,,,,,,,,,14600.0,34730.0,,AZUL4
19,31/12/2019,,,,,,,,,,,,,,,,25550.0,27420.0,,AZUL4
20,30/09/2019,,,,,,,,,,,,,,,,66050.0,67920.0,,AZUL4
21,30/06/2019,,,,,,,,,,,,,,,,68630.0,70470.0,,AZUL4
22,31/03/2019,,,,,,,,,,,,,,,,47730.0,49860.0,,AZUL4
23,31/12/2018,,,,,,,,,,,,,,,,51830.0,54370.0,,AZUL4
24,30/09/2018,,,,,,,,,,,,,,,,38220.0,41080.0,,AZUL4
25,30/06/2018,,,,,,,,,,,,,,,,30140.0,33130.0,,AZUL4
26,31/03/2018,,,,,,,,,,,,,,,,40090.0,42740.0,,AZUL4
27,31/12/2017,,,,,,,,,,,,,,,,43770.0,46500.0,,AZUL4
28,30/09/2017,,,,,,,,,,,,,,,,33970.0,36390.0,,AZUL4
29,30/06/2017,,,,,,,,,,,,,,,,34280.0,37420.0,,AZUL4
30,31/03/2017,,,,,,,,,,,,,,,,30390.0,33670.0,,AZUL4
31,31/12/2016,,,,,,,,,,,,,,,,26510.0,30000.0,,AZUL4
0,30/09/2024,,,,,,,,,,,,,,,,55510.0,66490.0,,B3SA3
1,30/06/2024,,,,,,,,,,,,,,,,62950.0,73340.0,,B3SA3
2,31/03/2024,,,,,,,,,,,,,,,,63300.0,75720.0,,B3SA3
3,31/12/2023,,,,,,,,,,,,,,,,71430.0,83650.0,,B3SA3
4,30/09/2023,,,,,,,,,,,,,,,,71920.0,80330.0,,B3SA3
5,30/06/2023,,,,,,,,,,,,,,,,83040.0,92290.0,,B3SA3
6,31/03/2023,,,,,,,,,,,,,,,,77950.0,87680.0,,B3SA3
7,31/12/2022,,,,,,,,,,,,,,,,70690.0,80180.0,,B3SA3
8,30/09/2022,,,,,,,,,,,,,,,,81180.0,89210.0,,B3SA3
9,30/06/2022,,,,,,,,,,,,,,,,74100.0,84430.0,,B3SA3
10,31/03/2022,,,,,,,,,,,,,,,,72580.0,83340.0,,B3SA3
11,31/12/2021,,,,,,,,,,,,,,,,85150.0,96790.0,,B3SA3
12,30/09/2021,,,,,,,,,,,,,,,,80560.0,90730.0,,B3SA3
13,30/06/2021,,,,,,,,,,,,,,,,92200.0,100190.0,,B3SA3
14,31/03/2021,,,,,,,,,,,,,,,,103730.0,109290.0,,B3SA3
15,31/12/2020,,,,,,,,,,,,,,,,114260.0,119880.0,,B3SA3
16,30/09/2020,,,,,,,,,,,,,,,,110740.0,116330.0,,B3SA3
17,30/06/2020,,,,,,,,,,,,,,,,124890.0,130669.99999999999,,B3SA3
18,31/03/2020,,,,,,,,,,,,,,,,77880.0,82230.0,,B3SA3
19,31/12/2019,,,,,,,,,,,,,,,,97010.0,100880.0,,B3SA3
20,30/09/2019,,,,,,,,,,,,,,,,101720.0,107060.0,,B3SA3
21,30/06/2019,,,,,,,,,,,,,,,,93340.0,98560.0,,B3SA3
22,31/03/2019,,,,,,,,,,,,,,,,69800.0,73460.0,,B3SA3
23,31/12/2018,,,,,,,,,,,,,,,,66610.0,70790.0,,B3SA3
24,30/09/2018,,,,,,,,,,,,,,,,52610.0,58190.0,,B3SA3
25,30/06/2018,,,,,,,,,,,,,,,,47900.0,53490.0,,B3SA3
26,31/03/2018,,,,,,,,,,,,,,,,50820.0,56160.0,,B3SA3
27,31/12/2017,,,,,,,,,,,,,,,,52840.0,57760.0,,B3SA3
28,30/09/2017,,,,,,,,,,,,,,,,52840.0,58180.0,,B3SA3
29,30/06/2017,,,,,,,,,,,,,,,,52840.0,58900.0,,B3SA3
30,31/03/2017,,,,,,,,,,,,,,,,52840.0,58970.0,,B3SA3
31,31/12/2016,,,,,,,,,,,,,,,,46570.0,51720.0,,B3SA3
32,30/09/2016,,,,,,,,,,,,,,,,46570.0,48050.0,,B3SA3
33,30/06/2016,,,,,,,,,,,,,,,,46570.0,48130.0,,B3SA3
34,31/03/2016,,,,,,,,,,,,,,,,46570.0,48340.0,,B3SA3
35,31/12/2015,,,,,,,,,,,,,,,,46570.0,48590.0,,B3SA3
36,30/09/2015,,,,,,,,,,,,,,,,46570.0,46010.0,,B3SA3
37,30/06/2015,,,,,,,,,,,,,,,,46570.0,48240.0,,B3SA3
38,31/03/2015,,,,,,,,,,,,,,,,46570.0,48230.0,,B3SA3
39,31/12/2014,,,,,,,,,,,,,,,,48750.0,49920.0,,B3SA3
40,30/09/2014,,,,,,,,,,,,,,,,48750.0,49900.0,,B3SA3
41,30/06/2014,,,,,,,,,,,,,,,,48750.0,49940.0,,B3SA3
42,31/03/2014,,,,,,,,,,,,,,,,48750.0,48830.0,,B3SA3
43,31/12/2013,,,,,,,,,,,,,,,,50810.0,51080.0,,B3SA3
44,30/09/2013,,,,,,,,,,,,,,,,50810.0,51430.0,,B3SA3
45,30/06/2013,,,,,,,,,,,,,,,,50810.0,52010.0,,B3SA3
46,31/03/2013,,,,,,,,,,,,,,,,50810.0,52010.0,,B3SA3
47,31/12/2012,,,,,,,,,,,,,,,,50810.0,52040.0,,B3SA3
48,30/09/2012,,,,,,,,,,,,,,,,50810.0,52010.0,,B3SA3
49,30/06/2012,,,,,,,,,,,,,,,,50810.0,52020.0,,B3SA3
50,31/03/2012,,,,,,,,,,,,,,,,50810.0,51890.0,,B3SA3
51,31/12/2011,,,,,,,,,,,,,,,,50810.0,51910.0,,B3SA3
52,30/09/2011,,,,,,,,,,,,,,,,52450.0,53450.0,,B3SA3
53,30/06/2011,,,,,,,,,,,,,,,,52450.0,53400.0,,B3SA3
54,31/03/2011,,,,,,,,,,,,,,,,52450.0,51910.0,,B3SA3
55,31/12/2010,,,,,,,,,,,,,,,,52450.0,53390.0,,B3SA3
56,30/09/2010,,,,,,,,,,,,,,,,52450.0,50540.0,,B3SA3
57,30/06/2010,,,,,,,,,,,,,,,,52450.0,48840.0,,B3SA3
58,31/03/2010,,,,,,,,,,,,,,,,52450.0,48420.0,,B3SA3
59,31/12/2009,,,,,,,,,,,,,,,,52450.0,49810.0,,B3SA3
60,30/09/2009,,,,,,,,,,,,,,,,52450.0,49760.0,,B3SA3
61,30/06/2009,,,,,,,,,,,,,,,,52450.0,50130.0,,B3SA3
62,31/03/2009,,,,,,,,,,,,,,,,52450.0,49860.0,,B3SA3
63,31/12/2008,,,,,,,,,,,,,,,,52450.0,50670.0,,B3SA3
64,30/09/2008,,,,,,,,,,,,,,,,52450.0,50540.0,,B3SA3
65,30/06/2008,,,,,,,,,,,,,,,,52370.0,50070.0,,B3SA3
0,Atual - 01/01/2025,,,,,,,,,,,,,,,,138510.0,,,BBAS3
1,30/09/2024,,,,,,,,,,,,,,,,148720.0,,,BBAS3
2,30/06/2024,,,,,,,,,,,,,,,,150720.0,,,BBAS3
3,31/03/2024,,,,,,,,,,,,,,,,81320.0,,,BBAS3
4,31/12/2023,,,,,,,,,,,,,,,,167740.0,,,BBAS3
5,30/09/2023,,,,,,,,,,,,,,,,148060.0,,,BBAS3
6,30/06/2023,,,,,,,,,,,,,,,,133900.0,,,BBAS3
7,31/03/2023,,,,,,,,,,,,,,,,127340.0,,,BBAS3
8,31/12/2022,,,,,,,,,,,,,,,,116340.0,,,BBAS3
9,30/09/2022,,,,,,,,,,,,,,,,106190.0,,,BBAS3
10,30/06/2022,,,,,,,,,,,,,,,,114530.0,,,BBAS3
11,31/03/2022,,,,,,,,,,,,,,,,98260.0,,,BBAS3
12,31/12/2021,,,,,,,,,,,,,,,,96110.0,,,BBAS3
13,30/09/2021,,,,,,,,,,,,,,,,84470.0,,,BBAS3
14,30/06/2021,,,,,,,,,,,,,,,,90000.0,,,BBAS3
15,31/03/2021,,,,,,,,,,,,,,,,83700.0,,,BBAS3
16,31/12/2020,,,,,,,,,,,,,,,,97250.0,,,BBAS3
17,30/09/2020,,,,,,,,,,,,,,,,87940.0,,,BBAS3
18,30/06/2020,,,,,,,,,,,,,,,,98430.0,,,BBAS3
19,31/03/2020,,,,,,,,,,,,,,,,75250.0,,,BBAS3
20,31/12/2019,,,,,,,,,,,,,,,,145620.0,,,BBAS3
21,30/09/2019,,,,,,,,,,,,,,,,136590.0,,,BBAS3
22,30/06/2019,,,,,,,,,,,,,,,,139830.0,,,BBAS3
23,31/03/2019,,,,,,,,,,,,,,,,146220.0,,,BBAS3
24,31/12/2018,,,,,,,,,,,,,,,,156850.0,,,BBAS3
25,30/09/2018,,,,,,,,,,,,,,,,116340.0,,,BBAS3
26,30/06/2018,,,,,,,,,,,,,,,,96280.0,,,BBAS3
27,31/03/2018,,,,,,,,,,,,,,,,103100.0,,,BBAS3
28,31/12/2017,,,,,,,,,,,,,,,,121490.0,,,BBAS3
29,30/09/2017,,,,,,,,,,,,,,,,92440.0,,,BBAS3
30,30/06/2017,,,,,,,,,,,,,,,,88600.0,,,BBAS3
31,31/03/2017,,,,,,,,,,,,,,,,98540.0,,,BBAS3
32,31/12/2016,,,,,,,,,,,,,,,,94240.0,,,BBAS3
33,30/09/2016,,,,,,,,,,,,,,,,73150.0,,,BBAS3
34,30/06/2016,,,,,,,,,,,,,,,,63180.0,,,BBAS3
35,31/03/2016,,,,,,,,,,,,,,,,57020.0,,,BBAS3
36,31/12/2015,,,,,,,,,,,,,,,,37590.0,,,BBAS3
37,30/09/2015,,,,,,,,,,,,,,,,49310.0,,,BBAS3
38,30/06/2015,,,,,,,,,,,,,,,,55730.0,,,BBAS3
39,31/03/2015,,,,,,,,,,,,,,,,74390.0,,,BBAS3
40,31/12/2014,,,,,,,,,,,,,,,,62900.0,,,BBAS3
41,30/09/2014,,,,,,,,,,,,,,,,75850.0,,,BBAS3
42,30/06/2014,,,,,,,,,,,,,,,,82120.0,,,BBAS3
43,31/03/2014,,,,,,,,,,,,,,,,71660.0,,,BBAS3
44,31/12/2013,,,,,,,,,,,,,,,,59660.0,,,BBAS3
45,30/09/2013,,,,,,,,,,,,,,,,76220.0,,,BBAS3
46,30/06/2013,,,,,,,,,,,,,,,,66880.0,,,BBAS3
47,31/03/2013,,,,,,,,,,,,,,,,70720.0,,,BBAS3
48,31/12/2012,,,,,,,,,,,,,,,,72470.0,,,BBAS3
49,30/09/2012,,,,,,,,,,,,,,,,61310.0,,,BBAS3
50,30/06/2012,,,,,,,,,,,,,,,,64390.0,,,BBAS3
51,31/03/2012,,,,,,,,,,,,,,,,64760.00000000001,,,BBAS3
52,31/12/2011,,,,,,,,,,,,,,,,78710.0,,,BBAS3
53,30/09/2011,,,,,,,,,,,,,,,,72200.0,,,BBAS3
54,30/06/2011,,,,,,,,,,,,,,,,69340.0,,,BBAS3
55,31/03/2011,,,,,,,,,,,,,,,,83390.0,,,BBAS3
56,31/12/2010,,,,,,,,,,,,,,,,89340.0,,,BBAS3
57,30/09/2010,,,,,,,,,,,,,,,,96980.0,,,BBAS3
58,30/06/2010,,,,,,,,,,,,,,,,77870.0,,,BBAS3
59,31/03/2010,,,,,,,,,,,,,,,,70700.0,,,BBAS3
60,31/12/2009,,,,,,,,,,,,,,,,77100.0,,,BBAS3
61,30/09/2009,,,,,,,,,,,,,,,,79790.0,,,BBAS3
62,30/06/2009,,,,,,,,,,,,,,,,65310.0,,,BBAS3
63,31/03/2009,,,,,,,,,,,,,,,,51880.0,,,BBAS3
64,31/12/2008,,,,,,,,,,,,,,,,35440.0,,,BBAS3
65,30/09/2008,,,,,,,,,,,,,,,,36170.0,,,BBAS3
66,30/06/2008,,,,,,,,,,,,,,,,55420.0,,,BBAS3
67,31/03/2008,,,,,,,,,,,,,,,,73550.0,,,BBAS3
68,31/12/2007,,,,,,,,,,,,,,,,70590.0,,,BBAS3
69,30/09/2007,,,,,,,,,,,,,,,,70560.0,,,BBAS3
70,30/06/2007,,,,,,,,,,,,,,,,71430.0,,,BBAS3
71,31/12/2006,,,,,,,,,,,,,,,,55870.0,,,BBAS3
72,30/09/2006,,,,,,,,,,,,,,,,45380.0,,,BBAS3
73,30/06/2006,,,,,,,,,,,,,,,,41270.0,,,BBAS3
74,31/03/2006,,,,,,,,,,,,,,,,51880.0,,,BBAS3
75,31/12/2005,,,,,,,,,,,,,,,,47020.0,,,BBAS3
76,30/09/2005,,,,,,,,,,,,,,,,34480.0,,,BBAS3
77,30/06/2005,,,,,,,,,,,,,,,,29170.0,,,BBAS3
78,31/03/2005,,,,,,,,,,,,,,,,24510.0,,,BBAS3
79,31/12/2004,,,,,,,,,,,,,,,,28870.0,,,BBAS3
80,30/09/2004,,,,,,,,,,,,,,,,23790.0,,,BBAS3
81,30/06/2004,,,,,,,,,,,,,,,,17910.0,,,BBAS3
82,31/03/2004,,,,,,,,,,,,,,,,15010.0,,,BBAS3
83,31/12/2003,,,,,,,,,,,,,,,,,,,BBAS3
84,30/09/2003,,,,,,,,,,,,,,,,14640.0,,,BBAS3
85,30/06/2003,,,,,,,,,,,,,,,,11640.0,,,BBAS3
86,31/03/2003,,,,,,,,,,,,,,,,10230.0,,,BBAS3
87,31/12/2002,,,,,,,,,,,,,,,,7160.0,,,BBAS3
88,30/09/2002,,,,,,,,,,,,,,,,7690.0,,,BBAS3
89,30/06/2002,,,,,,,,,,,,,,,,7540.0,,,BBAS3
90,31/03/2002,,,,,,,,,,,,,,,,8540.0,,,BBAS3
91,31/12/2001,,,,,,,,,,,,,,,,7620.0,,,BBAS3
92,31/03/2001,,,,,,,,,,,,,,,,5870.0,,,BBAS3
93,31/12/2000,,,,,,,,,,,,,,,,5060.0,,,BBAS3
94,30/09/2000,,,,,,,,,,,,,,,,4260.0,,,BBAS3
95,30/06/2000,,,,,,,,,,,,,,,,4350.0,,,BBAS3
0,Atual - 01/01/2025,,,,,,,,,,,,,,,,118120.0,,,BBDC3
1,30/09/2024,,,,,,,,,,,,,,,,144240.0,,,BBDC3
2,30/06/2024,,,,,,,,,,,,,,,,137260.0,,,BBDC3
3,31/03/2024,,,,,,,,,,,,,,,,139560.0,,,BBDC3
4,31/12/2023,,,,,,,,,,,,,,,,141480.0,,,BBDC3
5,30/09/2023,,,,,,,,,,,,,,,,152910.0,,,BBDC3
6,30/06/2023,,,,,,,,,,,,,,,,166110.0,,,BBDC3
7,31/03/2023,,,,,,,,,,,,,,,,141100.0,,,BBDC3
8,31/12/2022,,,,,,,,,,,,,,,,139290.0,,,BBDC3
9,30/09/2022,,,,,,,,,,,,,,,,183190.0,,,BBDC3
10,30/06/2022,,,,,,,,,,,,,,,,178290.0,,,BBDC3
11,31/03/2022,,,,,,,,,,,,,,,,172050.0,,,BBDC3
12,31/12/2021,,,,,,,,,,,,,,,,202070.0,,,BBDC3
13,30/09/2021,,,,,,,,,,,,,,,,172920.0,,,BBDC3
14,30/06/2021,,,,,,,,,,,,,,,,220880.0,,,BBDC3
15,31/03/2021,,,,,,,,,,,,,,,,215730.0,,,BBDC3
16,31/12/2020,,,,,,,,,,,,,,,,210360.0,,,BBDC3
17,30/09/2020,,,,,,,,,,,,,,,,176920.0,,,BBDC3
18,30/06/2020,,,,,,,,,,,,,,,,199180.0,,,BBDC3
19,31/03/2020,,,,,,,,,,,,,,,,162810.0,,,BBDC3
20,31/12/2019,,,,,,,,,,,,,,,,266110.0,,,BBDC3
21,30/09/2019,,,,,,,,,,,,,,,,274250.0,,,BBDC3
22,30/06/2019,,,,,,,,,,,,,,,,282270.0,,,BBDC3
23,31/03/2019,,,,,,,,,,,,,,,,270420.0,,,BBDC3
24,31/12/2018,,,,,,,,,,,,,,,,287340.0,,,BBDC3
25,30/09/2018,,,,,,,,,,,,,,,,228810.0,,,BBDC3
26,30/06/2018,,,,,,,,,,,,,,,,195780.0,,,BBDC3
27,31/03/2018,,,,,,,,,,,,,,,,225720.0,,,BBDC3
28,31/12/2017,,,,,,,,,,,,,,,,237850.0,,,BBDC3
29,30/09/2017,,,,,,,,,,,,,,,,200070.0,,,BBDC3
30,30/06/2017,,,,,,,,,,,,,,,,180700.0,,,BBDC3
31,31/03/2017,,,,,,,,,,,,,,,,202330.0,,,BBDC3
32,31/12/2016,,,,,,,,,,,,,,,,173330.0,,,BBDC3
33,30/09/2016,,,,,,,,,,,,,,,,160500.0,,,BBDC3
34,30/06/2016,,,,,,,,,,,,,,,,155950.0,,,BBDC3
35,31/03/2016,,,,,,,,,,,,,,,,138310.0,,,BBDC3
36,31/12/2015,,,,,,,,,,,,,,,,92390.0,,,BBDC3
37,30/09/2015,,,,,,,,,,,,,,,,112440.0,,,BBDC3
38,30/06/2015,,,,,,,,,,,,,,,,137020.0,,,BBDC3
39,31/03/2015,,,,,,,,,,,,,,,,155900.0,,,BBDC3
40,31/12/2014,,,,,,,,,,,,,,,,144580.0,,,BBDC3
41,30/09/2014,,,,,,,,,,,,,,,,149020.0,,,BBDC3
42,30/06/2014,,,,,,,,,,,,,,,,147230.0,,,BBDC3
43,31/03/2014,,,,,,,,,,,,,,,,144250.0,,,BBDC3
44,31/12/2013,,,,,,,,,,,,,,,,113640.0,,,BBDC3
45,30/09/2013,,,,,,,,,,,,,,,,144770.0,,,BBDC3
46,30/06/2013,,,,,,,,,,,,,,,,128130.0,,,BBDC3
47,31/03/2013,,,,,,,,,,,,,,,,138840.0,,,BBDC3
48,31/12/2012,,,,,,,,,,,,,,,,137670.0,,,BBDC3
49,30/09/2012,,,,,,,,,,,,,,,,111320.0,,,BBDC3
50,30/06/2012,,,,,,,,,,,,,,,,101150.0,,,BBDC3
51,31/03/2012,,,,,,,,,,,,,,,,107290.0,,,BBDC3
52,31/12/2011,,,,,,,,,,,,,,,,109660.0,,,BBDC3
53,30/09/2011,,,,,,,,,,,,,,,,106080.0,,,BBDC3
54,30/06/2011,,,,,,,,,,,,,,,,101590.0,,,BBDC3
55,31/03/2011,,,,,,,,,,,,,,,,111950.0,,,BBDC3
56,31/12/2010,,,,,,,,,,,,,,,,103840.0,,,BBDC3
57,30/09/2010,,,,,,,,,,,,,,,,117860.0,,,BBDC3
58,30/06/2010,,,,,,,,,,,,,,,,108730.0,,,BBDC3
59,31/03/2010,,,,,,,,,,,,,,,,96630.0,,,BBDC3
60,31/12/2009,,,,,,,,,,,,,,,,99130.0,,,BBDC3
61,30/09/2009,,,,,,,,,,,,,,,,97160.0,,,BBDC3
62,30/06/2009,,,,,,,,,,,,,,,,84810.0,,,BBDC3
63,31/03/2009,,,,,,,,,,,,,,,,79450.0,,,BBDC3
64,31/12/2008,,,,,,,,,,,,,,,,58540.0,,,BBDC3
65,30/09/2008,,,,,,,,,,,,,,,,54550.0,,,BBDC3
66,30/06/2008,,,,,,,,,,,,,,,,88980.0,,,BBDC3
67,31/03/2008,,,,,,,,,,,,,,,,104410.0,,,BBDC3
68,31/12/2007,,,,,,,,,,,,,,,,94830.0,,,BBDC3
69,30/09/2007,,,,,,,,,,,,,,,,110910.0,,,BBDC3
70,30/06/2007,,,,,,,,,,,,,,,,98800.0,,,BBDC3
71,31/03/2007,,,,,,,,,,,,,,,,92110.0,,,BBDC3
72,31/12/2006,,,,,,,,,,,,,,,,82250.0,,,BBDC3
73,30/09/2006,,,,,,,,,,,,,,,,74750.0,,,BBDC3
74,30/06/2006,,,,,,,,,,,,,,,,68780.0,,,BBDC3
75,31/03/2006,,,,,,,,,,,,,,,,79350.0,,,BBDC3
76,31/12/2005,,,,,,,,,,,,,,,,82690.0,,,BBDC3
77,30/09/2005,,,,,,,,,,,,,,,,57810.0,,,BBDC3
78,30/06/2005,,,,,,,,,,,,,,,,41340.0,,,BBDC3
79,31/03/2005,,,,,,,,,,,,,,,,38590.0,,,BBDC3
80,31/12/2004,,,,,,,,,,,,,,,,28020.0,,,BBDC3
81,30/09/2004,,,,,,,,,,,,,,,,25350.0,,,BBDC3
82,30/06/2004,,,,,,,,,,,,,,,,20350.0,,,BBDC3
83,31/03/2004,,,,,,,,,,,,,,,,17280.0,,,BBDC3
84,31/12/2003,,,,,,,,,,,,,,,,21480.0,,,BBDC3
85,30/09/2003,,,,,,,,,,,,,,,,17180.0,,,BBDC3
86,30/06/2003,,,,,,,,,,,,,,,,16120.000000000002,,,BBDC3
87,31/03/2003,,,,,,,,,,,,,,,,17110.0,,,BBDC3
88,31/12/2002,,,,,,,,,,,,,,,,13350.0,,,BBDC3
89,30/09/2002,,,,,,,,,,,,,,,,12680.0,,,BBDC3
90,30/06/2002,,,,,,,,,,,,,,,,12750.0,,,BBDC3
91,31/03/2002,,,,,,,,,,,,,,,,17560.0,,,BBDC3
92,31/12/2001,,,,,,,,,,,,,,,,15990.0,,,BBDC3
93,30/06/2001,,,,,,,,,,,,,,,,15180.0,,,BBDC3
94,31/03/2001,,,,,,,,,,,,,,,,15700.0,,,BBDC3
95,31/12/2000,,,,,,,,,,,,,,,,15080.0,,,BBDC3
96,30/09/2000,,,,,,,,,,,,,,,,11670.0,,,BBDC3
97,30/06/2000,,,,,,,,,,,,,,,,15890.0,,,BBDC3
98,31/03/2000,,,,,,,,,,,,,,,,12730.0,,,BBDC3
0,Atual - 01/01/2025,,,,,,,,,,,,,,,,118120.0,,,BBDC4
1,30/09/2024,,,,,,,,,,,,,,,,144240.0,,,BBDC4
2,30/06/2024,,,,,,,,,,,,,,,,137260.0,,,BBDC4
3,31/03/2024,,,,,,,,,,,,,,,,139560.0,,,BBDC4
4,31/12/2023,,,,,,,,,,,,,,,,141480.0,,,BBDC4
5,30/09/2023,,,,,,,,,,,,,,,,152910.0,,,BBDC4
6,30/06/2023,,,,,,,,,,,,,,,,166110.0,,,BBDC4
7,31/03/2023,,,,,,,,,,,,,,,,141100.0,,,BBDC4
8,31/12/2022,,,,,,,,,,,,,,,,139290.0,,,BBDC4
9,30/09/2022,,,,,,,,,,,,,,,,183190.0,,,BBDC4
10,30/06/2022,,,,,,,,,,,,,,,,178290.0,,,BBDC4
11,31/03/2022,,,,,,,,,,,,,,,,172050.0,,,BBDC4
12,31/12/2021,,,,,,,,,,,,,,,,202070.0,,,BBDC4
13,30/09/2021,,,,,,,,,,,,,,,,172920.0,,,BBDC4
14,30/06/2021,,,,,,,,,,,,,,,,220880.0,,,BBDC4
15,31/03/2021,,,,,,,,,,,,,,,,215730.0,,,BBDC4
16,31/12/2020,,,,,,,,,,,,,,,,210360.0,,,BBDC4
17,30/09/2020,,,,,,,,,,,,,,,,176920.0,,,BBDC4
18,30/06/2020,,,,,,,,,,,,,,,,199180.0,,,BBDC4
19,31/03/2020,,,,,,,,,,,,,,,,162810.0,,,BBDC4
20,31/12/2019,,,,,,,,,,,,,,,,266110.0,,,BBDC4
21,30/09/2019,,,,,,,,,,,,,,,,274250.0,,,BBDC4
22,30/06/2019,,,,,,,,,,,,,,,,282270.0,,,BBDC4
23,31/03/2019,,,,,,,,,,,,,,,,270420.0,,,BBDC4
24,31/12/2018,,,,,,,,,,,,,,,,287340.0,,,BBDC4
25,30/09/2018,,,,,,,,,,,,,,,,228810.0,,,BBDC4
26,30/06/2018,,,,,,,,,,,,,,,,195780.0,,,BBDC4
27,31/03/2018,,,,,,,,,,,,,,,,225720.0,,,BBDC4
28,31/12/2017,,,,,,,,,,,,,,,,237850.0,,,BBDC4
29,30/09/2017,,,,,,,,,,,,,,,,200070.0,,,BBDC4
30,30/06/2017,,,,,,,,,,,,,,,,180700.0,,,BBDC4
31,31/03/2017,,,,,,,,,,,,,,,,202330.0,,,BBDC4
32,31/12/2016,,,,,,,,,,,,,,,,173330.0,,,BBDC4
33,30/09/2016,,,,,,,,,,,,,,,,160500.0,,,BBDC4
34,30/06/2016,,,,,,,,,,,,,,,,155950.0,,,BBDC4
35,31/03/2016,,,,,,,,,,,,,,,,138310.0,,,BBDC4
36,31/12/2015,,,,,,,,,,,,,,,,92390.0,,,BBDC4
37,30/09/2015,,,,,,,,,,,,,,,,112440.0,,,BBDC4
38,30/06/2015,,,,,,,,,,,,,,,,137020.0,,,BBDC4
39,31/03/2015,,,,,,,,,,,,,,,,155900.0,,,BBDC4
40,31/12/2014,,,,,,,,,,,,,,,,144580.0,,,BBDC4
41,30/09/2014,,,,,,,,,,,,,,,,149020.0,,,BBDC4
42,30/06/2014,,,,,,,,,,,,,,,,147230.0,,,BBDC4
43,31/03/2014,,,,,,,,,,,,,,,,144250.0,,,BBDC4
44,31/12/2013,,,,,,,,,,,,,,,,113640.0,,,BBDC4
45,30/09/2013,,,,,,,,,,,,,,,,144770.0,,,BBDC4
46,30/06/2013,,,,,,,,,,,,,,,,128130.0,,,BBDC4
47,31/03/2013,,,,,,,,,,,,,,,,138840.0,,,BBDC4
48,31/12/2012,,,,,,,,,,,,,,,,137670.0,,,BBDC4
49,30/09/2012,,,,,,,,,,,,,,,,111320.0,,,BBDC4
50,30/06/2012,,,,,,,,,,,,,,,,101150.0,,,BBDC4
51,31/03/2012,,,,,,,,,,,,,,,,107290.0,,,BBDC4
52,31/12/2011,,,,,,,,,,,,,,,,109660.0,,,BBDC4
53,30/09/2011,,,,,,,,,,,,,,,,106080.0,,,BBDC4
54,30/06/2011,,,,,,,,,,,,,,,,101590.0,,,BBDC4
55,31/03/2011,,,,,,,,,,,,,,,,111950.0,,,BBDC4
56,31/12/2010,,,,,,,,,,,,,,,,103840.0,,,BBDC4
57,30/09/2010,,,,,,,,,,,,,,,,117860.0,,,BBDC4
58,30/06/2010,,,,,,,,,,,,,,,,108730.0,,,BBDC4
59,31/03/2010,,,,,,,,,,,,,,,,96630.0,,,BBDC4
60,31/12/2009,,,,,,,,,,,,,,,,99130.0,,,BBDC4
61,30/09/2009,,,,,,,,,,,,,,,,97160.0,,,BBDC4
62,30/06/2009,,,,,,,,,,,,,,,,84810.0,,,BBDC4
63,31/03/2009,,,,,,,,,,,,,,,,79450.0,,,BBDC4
64,31/12/2008,,,,,,,,,,,,,,,,58540.0,,,BBDC4
65,30/09/2008,,,,,,,,,,,,,,,,54550.0,,,BBDC4
66,30/06/2008,,,,,,,,,,,,,,,,88980.0,,,BBDC4
67,31/03/2008,,,,,,,,,,,,,,,,104410.0,,,BBDC4
68,31/12/2007,,,,,,,,,,,,,,,,94830.0,,,BBDC4
69,30/09/2007,,,,,,,,,,,,,,,,110910.0,,,BBDC4
70,30/06/2007,,,,,,,,,,,,,,,,98800.0,,,BBDC4
71,31/03/2007,,,,,,,,,,,,,,,,92110.0,,,BBDC4
72,31/12/2006,,,,,,,,,,,,,,,,82250.0,,,BBDC4
73,30/09/2006,,,,,,,,,,,,,,,,74750.0,,,BBDC4
74,30/06/2006,,,,,,,,,,,,,,,,68780.0,,,BBDC4
75,31/03/2006,,,,,,,,,,,,,,,,79350.0,,,BBDC4
76,31/12/2005,,,,,,,,,,,,,,,,82690.0,,,BBDC4
77,30/09/2005,,,,,,,,,,,,,,,,57810.0,,,BBDC4
78,30/06/2005,,,,,,,,,,,,,,,,41340.0,,,BBDC4
79,31/03/2005,,,,,,,,,,,,,,,,38590.0,,,BBDC4
80,31/12/2004,,,,,,,,,,,,,,,,28020.0,,,BBDC4
81,30/09/2004,,,,,,,,,,,,,,,,25350.0,,,BBDC4
82,30/06/2004,,,,,,,,,,,,,,,,20350.0,,,BBDC4
83,31/03/2004,,,,,,,,,,,,,,,,17280.0,,,BBDC4
84,31/12/2003,,,,,,,,,,,,,,,,21480.0,,,BBDC4
85,30/09/2003,,,,,,,,,,,,,,,,17180.0,,,BBDC4
86,30/06/2003,,,,,,,,,,,,,,,,16120.000000000002,,,BBDC4
87,31/03/2003,,,,,,,,,,,,,,,,17110.0,,,BBDC4
88,31/12/2002,,,,,,,,,,,,,,,,13350.0,,,BBDC4
89,30/09/2002,,,,,,,,,,,,,,,,12680.0,,,BBDC4
90,30/06/2002,,,,,,,,,,,,,,,,12750.0,,,BBDC4
91,31/03/2002,,,,,,,,,,,,,,,,17560.0,,,BBDC4
92,31/12/2001,,,,,,,,,,,,,,,,15990.0,,,BBDC4
93,30/06/2001,,,,,,,,,,,,,,,,15180.0,,,BBDC4
94,31/03/2001,,,,,,,,,,,,,,,,15700.0,,,BBDC4
95,31/12/2000,,,,,,,,,,,,,,,,15080.0,,,BBDC4
96,30/09/2000,,,,,,,,,,,,,,,,11670.0,,,BBDC4
97,30/06/2000,,,,,,,,,,,,,,,,15890.0,,,BBDC4
98,31/03/2000,,,,,,,,,,,,,,,,12730.0,,,BBDC4
0,Atual - 01/01/2025,,,,,,,,,,,,,,,,72360.0,,,BBSE3
1,30/09/2024,,,,,,,,,,,,,,,,69280.0,,,BBSE3
2,30/06/2024,,,,,,,,,,,,,,,,69200.0,,,BBSE3
3,31/03/2024,,,,,,,,,,,,,,,,66520.0,,,BBSE3
4,31/12/2023,,,,,,,,,,,,,,,,69100.0,,,BBSE3
5,30/09/2023,,,,,,,,,,,,,,,,63540.0,,,BBSE3
6,30/06/2023,,,,,,,,,,,,,,,,64519.99999999999,,,BBSE3
7,31/03/2023,,,,,,,,,,,,,,,,64280.0,,,BBSE3
8,31/12/2022,,,,,,,,,,,,,,,,70220.0,,,BBSE3
9,30/09/2022,,,,,,,,,,,,,,,,60180.0,,,BBSE3
10,30/06/2022,,,,,,,,,,,,,,,,58980.0,,,BBSE3
11,31/03/2022,,,,,,,,,,,,,,,,50760.0,,,BBSE3
12,31/12/2021,,,,,,,,,,,,,,,,48280.0,,,BBSE3
13,30/09/2021,,,,,,,,,,,,,,,,45640.0,,,BBSE3
14,30/06/2021,,,,,,,,,,,,,,,,42000.0,,,BBSE3
15,31/03/2021,,,,,,,,,,,,,,,,44540.0,,,BBSE3
16,31/12/2020,,,,,,,,,,,,,,,,56180.0,,,BBSE3
17,30/09/2020,,,,,,,,,,,,,,,,49360.0,,,BBSE3
18,30/06/2020,,,,,,,,,,,,,,,,56540.0,,,BBSE3
19,31/03/2020,,,,,,,,,,,,,,,,50600.0,,,BBSE3
20,31/12/2019,,,,,,,,,,,,,,,,71640.0,,,BBSE3
21,30/09/2019,,,,,,,,,,,,,,,,67240.0,,,BBSE3
22,30/06/2019,,,,,,,,,,,,,,,,64720.0,,,BBSE3
23,31/03/2019,,,,,,,,,,,,,,,,57040.0,,,BBSE3
24,31/12/2018,,,,,,,,,,,,,,,,59100.0,,,BBSE3
25,30/09/2018,,,,,,,,,,,,,,,,56300.0,,,BBSE3
26,30/06/2018,,,,,,,,,,,,,,,,50000.0,,,BBSE3
27,31/03/2018,,,,,,,,,,,,,,,,52700.0,,,BBSE3
28,31/12/2017,,,,,,,,,,,,,,,,60560.0,,,BBSE3
29,30/09/2017,,,,,,,,,,,,,,,,56500.0,,,BBSE3
30,30/06/2017,,,,,,,,,,,,,,,,53880.0,,,BBSE3
31,31/03/2017,,,,,,,,,,,,,,,,59720.0,,,BBSE3
32,31/12/2016,,,,,,,,,,,,,,,,57060.0,,,BBSE3
33,30/09/2016,,,,,,,,,,,,,,,,61560.0,,,BBSE3
34,30/06/2016,,,,,,,,,,,,,,,,59940.0,,,BBSE3
35,31/03/2016,,,,,,,,,,,,,,,,55300.0,,,BBSE3
36,31/12/2015,,,,,,,,,,,,,,,,50500.0,,,BBSE3
37,30/09/2015,,,,,,,,,,,,,,,,56080.0,,,BBSE3
38,30/06/2015,,,,,,,,,,,,,,,,65000.0,,,BBSE3
39,31/03/2015,,,,,,,,,,,,,,,,72200.0,,,BBSE3
40,31/12/2014,,,,,,,,,,,,,,,,58620.0,,,BBSE3
41,30/09/2014,,,,,,,,,,,,,,,,65900.0,,,BBSE3
42,30/06/2014,,,,,,,,,,,,,,,,67000.0,,,BBSE3
43,31/03/2014,,,,,,,,,,,,,,,,56000.0,,,BBSE3
44,31/12/2013,,,,,,,,,,,,,,,,49000.0,,,BBSE3
45,30/09/2013,,,,,,,,,,,,,,,,47320.0,,,BBSE3
46,30/06/2013,,,,,,,,,,,,,,,,39020.0,,,BBSE3
47,31/03/2013,,,,,,,,,,,,,,,,36000.0,,,BBSE3
48,31/12/2012,,,,,,,,,,,,,,,,7810.0,,,BBSE3
0,30/09/2024,,,,,,,,,,,,,,,,3580.0,23700.0,,BEEF3
1,30/06/2024,,,,,,,,,,,,,,,,4210.0,25740.0,,BEEF3
2,31/03/2024,,,,,,,,,,,,,,,,3690.0,24240.0,,BEEF3
3,31/12/2023,,,,,,,,,,,,,,,,4380.0,21930.0,,BEEF3
4,30/09/2023,,,,,,,,,,,,,,,,4790.0,20780.0,,BEEF3
5,30/06/2023,,,,,,,,,,,,,,,,6530.0,16490.0,,BEEF3
6,31/03/2023,,,,,,,,,,,,,,,,5540.0,15140.0,,BEEF3
7,31/12/2022,,,,,,,,,,,,,,,,7170.0,15700.0,,BEEF3
8,30/09/2022,,,,,,,,,,,,,,,,8700.0,17890.0,,BEEF3
9,30/06/2022,,,,,,,,,,,,,,,,7790.0,16200.0,,BEEF3
10,31/03/2022,,,,,,,,,,,,,,,,8050.000000000001,15700.0,,BEEF3
11,31/12/2021,,,,,,,,,,,,,,,,6120.0,13450.0,,BEEF3
12,30/09/2021,,,,,,,,,,,,,,,,5730.0,13290.0,,BEEF3
13,30/06/2021,,,,,,,,,,,,,,,,4860.0,11750.0,,BEEF3
14,31/03/2021,,,,,,,,,,,,,,,,5530.0,12440.0,,BEEF3
15,31/12/2020,,,,,,,,,,,,,,,,5150.0,11930.0,,BEEF3
16,30/09/2020,,,,,,,,,,,,,,,,5390.0,12410.0,,BEEF3
17,30/06/2020,,,,,,,,,,,,,,,,7170.0,14870.0,,BEEF3
18,31/03/2020,,,,,,,,,,,,,,,,5780.0,12920.0,,BEEF3
19,31/12/2019,,,,,,,,,,,,,,,,5040.0,12300.0,,BEEF3
20,30/09/2019,,,,,,,,,,,,,,,,4400.0,11020.0,,BEEF3
21,30/06/2019,,,,,,,,,,,,,,,,3250.0,10210.0,,BEEF3
22,31/03/2019,,,,,,,,,,,,,,,,3050.0,10320.0,,BEEF3
23,31/12/2018,,,,,,,,,,,,,,,,2570.0,10000.0,,BEEF3
24,30/09/2018,,,,,,,,,,,,,,,,1250.0,9770.0,,BEEF3
25,30/06/2018,,,,,,,,,,,,,,,,1610.0,9460.0,,BEEF3
26,31/03/2018,,,,,,,,,,,,,,,,1760.0,8330.0,,BEEF3
27,31/12/2017,,,,,,,,,,,,,,,,2140.0,8470.0,,BEEF3
28,30/09/2017,,,,,,,,,,,,,,,,2590.0,8029.999999999999,,BEEF3
29,30/06/2017,,,,,,,,,,,,,,,,2980.0,7800.0,,BEEF3
30,31/03/2017,,,,,,,,,,,,,,,,2430.0,6770.0,,BEEF3
31,31/12/2016,,,,,,,,,,,,,,,,2770.0,6710.0,,BEEF3
32,30/09/2016,,,,,,,,,,,,,,,,2310.0,6280.0,,BEEF3
33,30/06/2016,,,,,,,,,,,,,,,,2280.0,6070.0,,BEEF3
34,31/03/2016,,,,,,,,,,,,,,,,2140.0,6580.0,,BEEF3
35,31/12/2015,,,,,,,,,,,,,,,,2180.0,7190.0,,BEEF3
36,30/09/2015,,,,,,,,,,,,,,,,2420.0,7960.0,,BEEF3
37,30/06/2015,,,,,,,,,,,,,,,,2200.0,6880.0,,BEEF3
38,31/03/2015,,,,,,,,,,,,,,,,1430.0,5900.0,,BEEF3
39,31/12/2014,,,,,,,,,,,,,,,,1590.0,5310.0,,BEEF3
40,30/09/2014,,,,,,,,,,,,,,,,1770.0,5150.0,,BEEF3
41,30/06/2014,,,,,,,,,,,,,,,,1720.0,4680.0,,BEEF3
42,31/03/2014,,,,,,,,,,,,,,,,1500.0,4480.0,,BEEF3
43,31/12/2013,,,,,,,,,,,,,,,,1460.0,4180.0,,BEEF3
44,30/09/2013,,,,,,,,,,,,,,,,1430.0,3920.0,,BEEF3
45,30/06/2013,,,,,,,,,,,,,,,,1510.0,4040.0,,BEEF3
46,31/03/2013,,,,,,,,,,,,,,,,1740.0,3730.0,,BEEF3
47,31/12/2012,,,,,,,,,,,,,,,,1840.0,4040.0,,BEEF3
48,30/09/2012,,,,,,,,,,,,,,,,1350.0,3520.0,,BEEF3
49,30/06/2012,,,,,,,,,,,,,,,,1020.0,3080.0,,BEEF3
50,31/03/2012,,,,,,,,,,,,,,,,844.67,2560.0,,BEEF3
51,31/12/2011,,,,,,,,,,,,,,,,694.77,2500.0,,BEEF3
52,30/09/2011,,,,,,,,,,,,,,,,508.05,2370.0,,BEEF3
53,30/06/2011,,,,,,,,,,,,,,,,576.58,2350.0,,BEEF3
54,31/03/2011,,,,,,,,,,,,,,,,707.76,2350.0,,BEEF3
55,31/12/2010,,,,,,,,,,,,,,,,678.14,2160.0,,BEEF3
56,30/09/2010,,,,,,,,,,,,,,,,660.86,1630.0,,BEEF3
57,30/06/2010,,,,,,,,,,,,,,,,761.31,1700.0,,BEEF3
58,31/03/2010,,,,,,,,,,,,,,,,685.65,1570.0,,BEEF3
59,31/12/2009,,,,,,,,,,,,,,,,698.25,1500.0,,BEEF3
60,30/09/2009,,,,,,,,,,,,,,,,674.12,1490.0,,BEEF3
61,30/06/2009,,,,,,,,,,,,,,,,366.75,1300.0,,BEEF3
62,31/03/2009,,,,,,,,,,,,,,,,250.5,1240.0,,BEEF3
63,31/12/2008,,,,,,,,,,,,,,,,125.25,1070.0,,BEEF3
64,30/09/2008,,,,,,,,,,,,,,,,168.0,693.56,,BEEF3
65,30/06/2008,,,,,,,,,,,,,,,,655.5,1100.0,,BEEF3
66,31/03/2008,,,,,,,,,,,,,,,,788.25,1070.0,,BEEF3
67,31/12/2007,,,,,,,,,,,,,,,,607.5,767.63,,BEEF3
68,30/09/2007,,,,,,,,,,,,,,,,1050.0,1150.0,,BEEF3
69,30/06/2007,,,,,,,,,,,,,,,,1070.0,1510.0,,BEEF3
70,31/03/2007,,,,,,,,,,,,,,,,346.39,721.46,,BEEF3
71,31/12/2006,,,,,,,,,,,,,,,,346.39,699.67,,BEEF3
0,Atual - 01/01/2025,,,,,,,,,,,,,,,,131460.0,,,BPAC11
1,30/09/2024,,,,,,,,,,,,,,,,152620.0,,,BPAC11
2,30/06/2024,,,,,,,,,,,,,,,,158430.0,,,BPAC11
3,31/03/2024,,,,,,,,,,,,,,,,160540.0,,,BPAC11
4,31/12/2023,,,,,,,,,,,,,,,,167620.0,,,BPAC11
5,30/09/2023,,,,,,,,,,,,,,,,154050.0,,,BPAC11
6,30/06/2023,,,,,,,,,,,,,,,,151300.0,,,BPAC11
7,31/03/2023,,,,,,,,,,,,,,,,112640.0,,,BPAC11
8,31/12/2022,,,,,,,,,,,,,,,,101550.0,,,BPAC11
9,30/09/2022,,,,,,,,,,,,,,,,139840.0,,,BPAC11
10,30/06/2022,,,,,,,,,,,,,,,,118180.0,,,BPAC11
11,31/03/2022,,,,,,,,,,,,,,,,111880.0,,,BPAC11
12,31/12/2021,,,,,,,,,,,,,,,,131830.0,,,BPAC11
13,30/09/2021,,,,,,,,,,,,,,,,128930.0,,,BPAC11
14,30/06/2021,,,,,,,,,,,,,,,,164400.0,,,BPAC11
15,31/03/2021,,,,,,,,,,,,,,,,129650.0,,,BPAC11
16,31/12/2020,,,,,,,,,,,,,,,,116030.0,,,BPAC11
17,30/09/2020,,,,,,,,,,,,,,,,88350.0,,,BPAC11
18,30/06/2020,,,,,,,,,,,,,,,,107960.0,,,BPAC11
19,31/03/2020,,,,,,,,,,,,,,,,45700.0,,,BPAC11
20,31/12/2019,,,,,,,,,,,,,,,,81830.0,,,BPAC11
21,30/09/2019,,,,,,,,,,,,,,,,66610.0,,,BPAC11
22,30/06/2019,,,,,,,,,,,,,,,,60780.0,,,BPAC11
23,31/03/2019,,,,,,,,,,,,,,,,47130.0,,,BPAC11
24,31/12/2018,,,,,,,,,,,,,,,,45530.0,,,BPAC11
25,30/09/2018,,,,,,,,,,,,,,,,20600.0,,,BPAC11
26,30/06/2018,,,,,,,,,,,,,,,,21980.0,,,BPAC11
27,31/03/2018,,,,,,,,,,,,,,,,22740.0,,,BPAC11
28,31/12/2017,,,,,,,,,,,,,,,,21590.0,,,BPAC11
29,30/09/2017,,,,,,,,,,,,,,,,22170.0,,,BPAC11
30,30/06/2017,,,,,,,,,,,,,,,,26430.0,,,BPAC11
31,31/03/2017,,,,,,,,,,,,,,,,16300.0,,,BPAC11
32,31/12/2016,,,,,,,,,,,,,,,,23530.0,,,BPAC11
33,30/09/2016,,,,,,,,,,,,,,,,23530.0,,,BPAC11
34,30/06/2016,,,,,,,,,,,,,,,,17240.0,,,BPAC11
35,31/03/2016,,,,,,,,,,,,,,,,12400.0,,,BPAC11
36,31/12/2015,,,,,,,,,,,,,,,,12680.0,,,BPAC11
37,30/09/2015,,,,,,,,,,,,,,,,12950.0,,,BPAC11
38,30/06/2015,,,,,,,,,,,,,,,,12490.0,,,BPAC11
39,31/03/2015,,,,,,,,,,,,,,,,12490.0,,,BPAC11
40,31/12/2014,,,,,,,,,,,,,,,,12490.0,,,BPAC11
41,30/09/2014,,,,,,,,,,,,,,,,12490.0,,,BPAC11
42,30/06/2014,,,,,,,,,,,,,,,,12490.0,,,BPAC11
43,31/03/2014,,,,,,,,,,,,,,,,12490.0,,,BPAC11
44,31/12/2013,,,,,,,,,,,,,,,,12490.0,,,BPAC11
45,30/09/2013,,,,,,,,,,,,,,,,12490.0,,,BPAC11
46,30/06/2013,,,,,,,,,,,,,,,,12490.0,,,BPAC11
47,31/03/2013,,,,,,,,,,,,,,,,12490.0,,,BPAC11
48,31/12/2012,,,,,,,,,,,,,,,,12490.0,,,BPAC11
49,30/09/2012,,,,,,,,,,,,,,,,12180.0,,,BPAC11
50,30/06/2012,,,,,,,,,,,,,,,,12180.0,,,BPAC11
51,31/03/2012,,,,,,,,,,,,,,,,11040.0,,,BPAC11
52,31/12/2011,,,,,,,,,,,,,,,,11040.0,,,BPAC11
53,30/09/2011,,,,,,,,,,,,,,,,11040.0,,,BPAC11
54,30/06/2011,,,,,,,,,,,,,,,,11040.0,,,BPAC11
55,31/03/2011,,,,,,,,,,,,,,,,11040.0,,,BPAC11
56,31/12/2010,,,,,,,,,,,,,,,,11040.0,,,BPAC11
0,30/09/2024,,,,,,,,,,,,,,,,6790.0,6240.0,,BRAP4
1,30/06/2024,,,,,,,,,,,,,,,,7040.0,6750.0,,BRAP4
2,31/03/2024,,,,,,,,,,,,,,,,7740.0,7030.0,,BRAP4
3,31/12/2023,,,,,,,,,,,,,,,,7950.0,7700.0,,BRAP4
4,30/09/2023,,,,,,,,,,,,,,,,9400.0,8900.0,,BRAP4
5,30/06/2023,,,,,,,,,,,,,,,,8680.0,8420.0,,BRAP4
6,31/03/2023,,,,,,,,,,,,,,,,8440.0,7660.0,,BRAP4
7,31/12/2022,,,,,,,,,,,,,,,,9790.0,9380.0,,BRAP4
8,30/09/2022,,,,,,,,,,,,,,,,9320.0,8480.0,,BRAP4
9,30/06/2022,,,,,,,,,,,,,,,,8820.0,8510.0,,BRAP4
10,31/03/2022,,,,,,,,,,,,,,,,10030.0,9130.0,,BRAP4
11,31/12/2021,,,,,,,,,,,,,,,,12450.0,12160.0,,BRAP4
12,30/09/2021,,,,,,,,,,,,,,,,18550.0,15990.0,,BRAP4
13,30/06/2021,,,,,,,,,,,,,,,,22980.0,22230.0,,BRAP4
14,31/03/2021,,,,,,,,,,,,,,,,23930.0,22690.0,,BRAP4
15,31/12/2020,,,,,,,,,,,,,,,,20520.0,20460.0,,BRAP4
16,30/09/2020,,,,,,,,,,,,,,,,15740.0,15000.0,,BRAP4
17,30/06/2020,,,,,,,,,,,,,,,,14540.0,14570.0,,BRAP4
18,31/03/2020,,,,,,,,,,,,,,,,10900.0,10920.0,,BRAP4
19,31/12/2019,,,,,,,,,,,,,,,,9670.0,9690.0,,BRAP4
20,30/09/2019,,,,,,,,,,,,,,,,10720.0,10740.0,,BRAP4
21,30/06/2019,,,,,,,,,,,,,,,,9960.0,9990.0,,BRAP4
22,31/03/2019,,,,,,,,,,,,,,,,9900.0,9790.0,,BRAP4
23,31/12/2018,,,,,,,,,,,,,,,,10130.0,9880.0,,BRAP4
24,30/09/2018,,,,,,,,,,,,,,,,11430.0,10630.0,,BRAP4
25,30/06/2018,,,,,,,,,,,,,,,,9440.0,10720.0,,BRAP4
26,31/03/2018,,,,,,,,,,,,,,,,11590.0,11710.0,,BRAP4
27,31/12/2017,,,,,,,,,,,,,,,,10740.0,10780.0,,BRAP4
28,30/09/2017,,,,,,,,,,,,,,,,7880.0,9080.0,,BRAP4
29,30/06/2017,,,,,,,,,,,,,,,,7910.0,9080.0,,BRAP4
30,31/03/2017,,,,,,,,,,,,,,,,6150.0,7320.0,,BRAP4
31,31/12/2016,,,,,,,,,,,,,,,,7040.0,8150.0,,BRAP4
32,30/09/2016,,,,,,,,,,,,,,,,4740.0,5840.0,,BRAP4
33,30/06/2016,,,,,,,,,,,,,,,,3500.0,4560.0,,BRAP4
34,31/03/2016,,,,,,,,,,,,,,,,2470.0,3480.0,,BRAP4
35,31/12/2015,,,,,,,,,,,,,,,,1990.0,2960.0,,BRAP4
36,30/09/2015,,,,,,,,,,,,,,,,2370.0,3340.0,,BRAP4
37,30/06/2015,,,,,,,,,,,,,,,,3270.0,4200.0,,BRAP4
38,31/03/2015,,,,,,,,,,,,,,,,3940.0,4840.0,,BRAP4
39,31/12/2014,,,,,,,,,,,,,,,,3800.0,4650.0,,BRAP4
40,30/09/2014,,,,,,,,,,,,,,,,4720.0,5640.0,,BRAP4
41,30/06/2014,,,,,,,,,,,,,,,,7090.0,7840.0,,BRAP4
42,31/03/2014,,,,,,,,,,,,,,,,6760.0,7570.0,,BRAP4
43,31/12/2013,,,,,,,,,,,,,,,,6320.0,7100.0,,BRAP4
44,30/09/2013,,,,,,,,,,,,,,,,8119.999999999999,8870.0,,BRAP4
45,30/06/2013,,,,,,,,,,,,,,,,8340.0,9080.0,,BRAP4
46,31/03/2013,,,,,,,,,,,,,,,,7920.0,8630.0,,BRAP4
47,31/12/2012,,,,,,,,,,,,,,,,9180.0,9870.0,,BRAP4
48,30/09/2012,,,,,,,,,,,,,,,,9930.0,10600.0,,BRAP4
49,30/06/2012,,,,,,,,,,,,,,,,10590.0,11260.0,,BRAP4
50,31/03/2012,,,,,,,,,,,,,,,,11410.0,12020.0,,BRAP4
51,31/12/2011,,,,,,,,,,,,,,,,12700.0,13290.0,,BRAP4
52,30/09/2011,,,,,,,,,,,,,,,,12640.0,13240.0,,BRAP4
53,30/06/2011,,,,,,,,,,,,,,,,12320.0,13050.0,,BRAP4
54,31/03/2011,,,,,,,,,,,,,,,,13510.0,12940.0,,BRAP4
55,31/12/2010,,,,,,,,,,,,,,,,14760.0,17230.0,,BRAP4
56,30/09/2010,,,,,,,,,,,,,,,,15670.0,15360.0,,BRAP4
57,30/06/2010,,,,,,,,,,,,,,,,13260.0,13240.0,,BRAP4
58,31/03/2010,,,,,,,,,,,,,,,,12270.0,11650.0,,BRAP4
59,31/12/2009,,,,,,,,,,,,,,,,14980.0,17200.0,,BRAP4
60,30/09/2009,,,,,,,,,,,,,,,,13080.0,13620.0,,BRAP4
61,30/06/2009,,,,,,,,,,,,,,,,10150.0,9960.0,,BRAP4
62,31/03/2009,,,,,,,,,,,,,,,,9180.0,9570.0,,BRAP4
63,31/12/2008,,,,,,,,,,,,,,,,7730.0,8450.0,,BRAP4
64,30/09/2008,,,,,,,,,,,,,,,,6570.0,6180.0,,BRAP4
65,30/06/2008,,,,,,,,,,,,,,,,10800.0,10500.0,,BRAP4
66,31/03/2008,,,,,,,,,,,,,,,,18120.0,17810.0,,BRAP4
67,31/12/2007,,,,,,,,,,,,,,,,16140.0,17730.0,,BRAP4
68,30/09/2007,,,,,,,,,,,,,,,,8780.0,8640.0,,BRAP4
69,30/06/2007,,,,,,,,,,,,,,,,12620.0,12490.0,,BRAP4
70,31/03/2007,,,,,,,,,,,,,,,,13110.0,12930.0,,BRAP4
71,31/12/2006,,,,,,,,,,,,,,,,5340.0,7230.0,,BRAP4
72,30/09/2006,,,,,,,,,,,,,,,,7640.0,7350.0,,BRAP4
73,30/06/2006,,,,,,,,,,,,,,,,6720.0,6440.0,,BRAP4
74,31/03/2006,,,,,,,,,,,,,,,,7260.0,7240.0,,BRAP4
75,31/12/2005,,,,,,,,,,,,,,,,6090.0,7640.0,,BRAP4
76,30/09/2005,,,,,,,,,,,,,,,,4980.0,4970.0,,BRAP4
77,30/06/2005,,,,,,,,,,,,,,,,4180.0,4170.0,,BRAP4
78,31/03/2005,,,,,,,,,,,,,,,,1710.0,1700.0,,BRAP4
79,31/12/2004,,,,,,,,,,,,,,,,4260.0,5870.0,,BRAP4
80,30/09/2004,,,,,,,,,,,,,,,,2450.0,2430.0,,BRAP4
81,30/06/2004,,,,,,,,,,,,,,,,,,,BRAP4
82,31/03/2004,,,,,,,,,,,,,,,,1690.0,1690.0,,BRAP4
83,31/12/2003,,,,,,,,,,,,,,,,1970.0,4580.0,,BRAP4
84,30/09/2003,,,,,,,,,,,,,,,,1250.0,1240.0,,BRAP4
85,30/06/2003,,,,,,,,,,,,,,,,1020.0,1010.0,,BRAP4
86,31/03/2003,,,,,,,,,,,,,,,,895.66,892.69,,BRAP4
87,31/12/2002,,,,,,,,,,,,,,,,888.0,5310.0,,BRAP4
88,30/09/2002,,,,,,,,,,,,,,,,654.76,599.14,,BRAP4
89,30/06/2002,,,,,,,,,,,,,,,,707.64,651.52,,BRAP4
90,31/03/2002,,,,,,,,,,,,,,,,873.44,865.81,,BRAP4
91,31/12/2001,,,,,,,,,,,,,,,,1090.0,4860.0,,BRAP4
92,31/03/2001,,,,,,,,,,,,,,,,1350.0,1330.0,,BRAP4
93,31/12/2000,,,,,,,,,,,,,,,,1030.0,4880.0,,BRAP4
94,30/09/2000,,,,,,,,,,,,,,,,1050.0,1050.0,,BRAP4
95,30/06/2000,,,,,,,,,,,,,,,,1380.0,1380.0,,BRAP4
96,31/03/2000,,,,,,,,,,,,,,,,1440.0,1440.0,,BRAP4
97,29/02/2000,,,,,,,,,,,,,,,,1440.0,4420.0,,BRAP4
